"id","created_at","name","has_test","alternate_url"
"110323934","2024-11-16T14:35:00+0300","Специалист ML в Data Science",false,"https://hh.ru/vacancy/110323934"
"111069878","2024-11-15T16:05:28+0300","Data Science NLP",false,"https://hh.ru/vacancy/111069878"
"109464208","2024-11-15T13:39:12+0300","Data Science Manager - Руководитель команды моделирования",false,"https://hh.ru/vacancy/109464208"
"111039228","2024-11-15T11:49:03+0300","Стажер Data Science в Yandex Uzbekistan",false,"https://hh.ru/vacancy/111039228"
"109639944","2024-11-14T15:10:53+0300","Product Manager Data Science",false,"https://hh.ru/vacancy/109639944"
"107108302","2024-11-14T15:31:47+0300","Data Science / Machine Learning Engineer",false,"https://hh.ru/vacancy/107108302"
"107258455","2024-11-14T10:15:24+0300","Программный эксперт курса по Data Science",true,"https://hh.ru/vacancy/107258455"
"110886948","2024-11-13T14:53:42+0300","Middle / Senior Data Science",false,"https://hh.ru/vacancy/110886948"
"108853308","2024-11-12T12:08:04+0300","Аналитик Data science",false,"https://hh.ru/vacancy/108853308"
"110591179","2024-11-11T06:31:21+0300","Data-science аналитик",false,"https://hh.ru/vacancy/110591179"
"97030152","2024-11-12T11:47:30+0300","Head of Data Science (fintech)",false,"https://hh.ru/vacancy/97030152"
"110626287","2024-11-11T12:39:04+0300","Ведущий эксперт/Data Science",false,"https://hh.ru/vacancy/110626287"
"104380318","2024-11-12T08:07:00+0300","Team lead по Data science (Руководитель проектов)",false,"https://hh.ru/vacancy/104380318"
"110875082","2024-11-13T12:53:29+0300","Data Science Lead / Руководитель группы специалистов по машинному обучению и аналитике данных",false,"https://hh.ru/vacancy/110875082"
"110803624","2024-11-12T16:14:11+0300","Middle-Senior ML / Data Science разработчик (NLP, OCR, CV)",false,"https://hh.ru/vacancy/110803624"
"108134639","2024-11-11T09:52:08+0300","Аналитик Data Science на проекты HR",false,"https://hh.ru/vacancy/108134639"
"108363695","2024-11-07T14:09:20+0300","Ведущий специалист DATA SCIENCE",false,"https://hh.ru/vacancy/108363695"
"109120461","2024-11-07T07:54:44+0300","Ведущий эксперт/Data Science",false,"https://hh.ru/vacancy/109120461"
"106972503","2024-11-05T13:24:01+0300","""Data Science"" Аналитик",false,"https://hh.ru/vacancy/106972503"
"109910537","2024-11-02T06:09:39+0300","Data-science аналитик",false,"https://hh.ru/vacancy/109910537"
